metric,value
Total Orders,180519.0
Total Revenue,36784735.01337984
On-Time %,10846.625247105338
Avg Delay Days,0.4
