category_id,forecast_4w_units,forecast_lower_80,forecast_upper_80,current_stock_units,stockout_prob_current,order_qty_at_5pct_risk,order_qty_at_10pct_risk,order_qty_at_20pct_risk,risk_band
17,1881.916427594988,1620.2644234941804,2145.7706800530536,556.875,0.9999999999493558,1663.0,1588.0,1498.0,CRITICAL (>50%)
43,309.1365368016908,211.14923604647342,407.1238375569082,110.625,0.9953005254135971,325.0,297.0,263.0,CRITICAL (>50%)
9,72.0,0.0,260.65928819734665,300.0,0.012456670522092428,0.0,0.0,0.0,LOW (<5%)
24,100.0,0.0,390.4223916118203,519.0,0.002964555757902554,0.0,0.0,0.0,LOW (<5%)
45,12.0,0.0,93.89674360060442,159.0,2.984045413101377e-05,0.0,0.0,0.0,LOW (<5%)
